text,translation,tags
Continue active game,繼續遊戲,[ALIGNMENT:CENTER]
Start new game in existing world,在現有的世界中開始新遊戲,[ALIGNMENT:CENTER]
Create new world,建立新的世界,[ALIGNMENT:CENTER]
Object testing arena,目標測試競技場,[ALIGNMENT:CENTER]
Mods,模組,[ALIGNMENT:CENTER]
Settings,設定,[ALIGNMENT:CENTER]
About DF,關於DF,[ALIGNMENT:CENTER]
Quit,退出,[ALIGNMENT:CENTER]
Welcome to Dwarf Fortress,歡迎來到矮人要塞,[ALIGNMENT:CENTER]
Quit without saving,不儲存退出,[ALIGNMENT:CENTER]
Save and return to title menu,儲存並退回主選單,[ALIGNMENT:CENTER]
Abandon the fortress to ruin,廢棄這座要塞(將變成廢墟),[ALIGNMENT:CENTER]
Save and continue playing,儲存並繼續遊戲,[ALIGNMENT:CENTER]
Return to game,返回遊戲,[ALIGNMENT:CENTER]
Retire the fortress (for the time being),退休這個要塞(暫時),[ALIGNMENT:CENTER]
Dwarf Fortress,矮人要塞,[ALIGNMENT:CENTER]
Recent thoughts,當前想法,
Memories,記憶,
"Prepare to guide your stout charges to fortune in a world fraught with many perils. You'll begin by creating your world and watching the region's history unfold. Once this process is complete, you can prepare a group and send them out to seek wealth deep in the mountains. As you dig deeper and more citizens take up residence in your outpost, your doings will attract attention, both wanted and unwanted. Deal with challenges as they arise, and you might one day find that your humble settlement has grown to become a Mountainhome, the center of your civilization.",準備好引導你勇敢的矮人們在危機四伏的世界中走向命運吧。你將生成一個世界並觀察其中的歷史演變。在該過程完成後，你就可以組建一支隊伍並派遣他們進入群山深處以尋求財富。隨著挖掘的深入和更多的居民加入你的哨所，你的所作所為將吸引各方注意，無論你意願如何。應對突如其來的挑戰，也許某一天你會發現你那簡陋的定居點已然發展為一座山地之家，併成為母文明的中心。,
Set tree chopping ,設定樹木砍伐任務。,
orders.,,
Set plant gathering ,設定植物採集任務。,
"Set wall smoothing, ",設定牆壁打磨，雕刻，軌道鑿刻,
"engraving, track ",和垛口鑿刻命令。,
"carving, and ",,
fortification orders.,,
Hotkey: ,快捷鍵：,
"Remove mining, ",取消挖掘，伐木，植物採集以及,
"woodcutting, plant ",打磨命令。,
"gathering, and ",,
smoothing orders.,,
Place structures and ,放置那些需要建築材料的結構和,
work areas that require ,工作場所。,
construction materials.,,
Place stockpiles for ,放置儲存處以供物品儲存。,
item storage.,,
Place zones to ,放置功能區用以設立集會區域，,
establish meeting ,放牧和其他功能。,
"areas, pastures, and ",,
more.,,
Establish burrows to ,設立活動區用以在更大的要塞組,
organize work and ,織工作和生活空間。,
living spaces in larger ,,
fortresses.,,
Set hauling routes for ,設定礦車的運輸路線。,
minecarts.,,
Set high and low ,設定高、低優先順序通行區域。,
traffic areas.,,
Designate items for ,指定物品進行丟棄和熔煉，啟用,
"dumping and melting, ",被停用的物品和建築，以及設定,
claim forbidden items ,物品的可見性。,
"and buildings, and set ",,
item visibility.,,
Link a stockpile to ,,
this stop.  Citizens ,,
will haul items to and ,,
from the minecart as ,,
you specify.  Items for ,,
the minecart must be ,將這個站點連結到一個儲存處。,
specified using the ,居民將根據你的設定給礦車裝卸,
desired items button to ,物品。裝載給礦車的物品還需在,
the left.,左邊的所需按鈕裡進行額外設定。,
Most tasks in the ,要塞裡的絕大部分工作都在工坊,
fortress are started ,裡啟動與完成。工作通常需要原,
and completed at ,材料。大部分工坊都是由巖塊、,
workshops.  Tasks ,磚塊或木頭所建築的。,
generally require raw ,,
materials and most ,,
workshops are ,,
constructed from ,,
"boulders, blocks, or ",,
Open the nobles and ,開啟貴族與官員目錄。,
administrators menu.,,
Open the work orders ,開啟工作訂目錄。,
menu.,,
Open the place ,開啟地點資訊目錄。,
information menu.,,
Open the task ,開啟任務資訊目錄。,
Open the citizen ,開啟居民資訊目錄,
Open the labor menu.,開啟工作目錄。,
Open the objects menu.,開啟物品目錄。,
Open the justice menu.,開啟司法目錄。,
Open the squad sidebar.,開啟軍隊側邊欄。,
Open the world screen.,開啟世界介面。,
Set digging orders.,設定挖掘命令。,
Dig a regular hallway ,挖掘常規走廊或房間。如果沒有,
or room.  Assign a ,礦工，可以在工作目錄中指派一,
miner to the work ,名礦工。礦工需要一把鎬子以開,
detail if necessary.  ,始工作。,
The miner requires a ,,
pick.,,
Dig a stairwell on this ,在這個高度挖掘一個向上或向下,
"level, going up or ",的樓梯井。你的操作必須跨越多,
down.  Your selection ,個高度。點選一個格子、改變高,
must span multiple ,度、然後再次點選。,
elevations.  Click on a ,,
"tile, change ",,
"elevations, and click ",,
again.,,
Dig a ramp on this ,在這個高度挖掘一個向上的坡。,
"level, going up.",,
"Dig a channel, making a ","挖掘一個渠,並在低一格的高度創",
ramp on the level below.,建一個坡。,
Designate constructed ,指定已建造的牆壁、地板及其他,
"walls, floors, and ",已建造的磚塊由礦工拆除。此操,
other constructed tiles ,作也將指定所有樓梯井和坡道。,
to be removed by ,,
miners.  This also ,,
designates all ,,
stairwells and ramps.,,
Left click to choose ,左鍵點選以選擇矩形的一角。,
corners of a rectangle.,,
Hold left button to ,按住左鍵進行繪製。,
draw.,,
Dig only ore and gems ,　　僅挖掘選中的礦石和寶石，,
"selected, and automine ",並自動開採新露出的同類型礦石,
any ore and gems of the ,與寶石。,
same type which are ,,
uncovered.,,
Dig only ore and gems ,僅挖掘選中的礦石和寶石。,
selected,,
Selected tiles are very ,,
high priority.,所選區域將被設為最高優先順序。,
low priority.,所選區域將被設為最低優先順序。,
Selected tiles are high ,所選區域將被設為高優先順序。,
Selected tiles are low ,所選區域將被設為低優先順序。,
priority.,,
Selected tiles are ,,
high-medium priority.,所選區域將被設為中高優先順序。,
medium priority. ,所選區域將被設為中優先順序。,
medium-low priority.,所選區域將被設為中低優先順序。,
[DEFAULT],　　　　[默认设置],
Change to ,切換到僅放置顯示藍圖模式。,
blueprint-only mode.,,
Change to standard dig ,切換到標準挖掘模式。,
mode.,,
Change blueprints to ,將藍圖切換為標準選擇模式。,
standard selections.,,
Change standard ,將標準選擇切換為,
selections to ,藍圖模式。,
blueprints.,,
Finish setting dig ,結束挖掘設定,
Finish setting tree ,結束設定樹木砍伐任務,
chopping orders.,,
orders.  Select the ,選擇樹木的基部，以便伐木工能,
base of the tree so ,夠抵達。如果沒有伐木工，可以,
that the woodcutter can ,在工作目錄中指派一名伐木工執,
reach it.  Assign a ,行此項工作。,
woodcutter to the work ,伐木工需要一把斧子以開,
The woodcutter requires ,,
an axe.,,
Finish setting plant ,結束設定植物採集任務,
gathering orders.,,
Finish setting wall ,結束設定牆壁指令,
Smooth a rough wall to ,將粗糙的牆面打磨平整，讓居民,
make it more pleasing ,更加滿意。也為牆面的雕刻或加,
to your citizens.  This ,固做好準備。,
also prepares the wall ,,
for engraving or ,,
fortification.,,
Engrave artwork into a ,將藝術作品雕刻在平滑的牆面上。,
smooth wall.,,
Carve a track in a ,在石制地板上刻劃一條軌道，用,
stone floor.  Tracks ,於裝載已設定路線的礦車。,
are used by minecarts ,,
with routes set in the ,,
hauling menu.,,
Carve a gap in a smooth ,在光滑的牆面上鑿一個缺口，讓,
wall to allow your ,你的弓箭手向敵人射箭。,
archers to fire upon ,,
invaders.,,
Finish removing mining ,結束清除挖掘等指令。,
etc. orders.,,
Finish placing ,,
structures.,結束放置結構。,
These workshops are ,這些工坊被用於包括染色和紡織,
used in the ,以及使用鞣製皮革的服裝製作工,
"clothesmaking process, ",序。,
whether dyeing and ,,
weaving or using tanned ,,
hides.,,
Use leather tanned at ,在此使用製革作坊鞣製的皮革來,
the tanner's shop here ,製作衣物和工具(例如袋子和水囊)。,
to make clothing and ,,
"tools, such as bags and ",,
waterskins.,,
Here you can turn ,在此可以將線織成布，無論是來,
"thread into cloth, ",自農業工坊的線，還是地下收集,
whether it is thread ,的蛛絲。,
from the farmer's ,,
workshop or spider silk ,,
gathered underground.,,
Make cloth into ,在此將布料製成衣物和工具(例如,
clothing and tools ,袋子和繩索)。,
"here, such as bags and ",,
ropes.,,
Use dyes here to color ,在此使用染料為線和布料染色。,
thread and cloth.  ,建造時需要圓桶和提桶。,
Requires a barrel and ,,
bucket for construction.,,
A wide variety of ,此類別包含多種與食品和酒水相,
food-and-drink-related ,關的工坊。,
workshops can be found ,,
in this category.,,
Plant crops at the ,在農田種植作物。你需要種子或,
farmplot.  You will ,孢子，並且必須按季節選擇作物。,
need seeds or spawn and ,作物可用鉀肥施肥。地下深處的,
must select crops by ,土壤更肥沃。,
season.  Crops can be ,,
fertilized with potash. ,,
Soil is richer deeper ,,
underground.,,
Brew alcohol from ,用植物、水果或蜂蜜釀造酒精飲,
"plants, fruit, or honey.",料。,
Slaughter livestock ,在此屠宰牲畜以獲取肉類、毛皮、,
here in order to obtain ,骨頭和其他動物產品。,
"meat, hides, bones, and ",,
other animal products.,,
Make leather from ,在此將動物毛皮製成皮革。你也,
animal hides here.  You ,可以使用石灰乳和毛皮製作羊皮紙。,
can also make parchment ,,
using milk of lime and ,,
a hide.,,
Process raw fish into ,在此將生魚加工成可食用的食物。,
edible food here.  Raw ,未加工的生魚不會被食用。,
fish will not be eaten.,,
Cook meals here.  You ,在此烹飪餐食。你也可以將脂肪,
can also render fat ,提煉成動物油脂。,
into tallow.,,
Process plants and work ,在此加工植物和照料牲畜。擠奶、,
with livestock here.  ,剪毛、製作乳酪以及將毛團紡成,
"Milk and shear animals, ",細線。,
"make cheese, and spin ",,
thread.,,
"Make sugar, flour, and ",在此製作糖、麵粉和各種有用的,
various useful slurries ,漿糊。與動力磨石相比，任務完,
here.  Tasks are ,成速度非常慢。,
completed very slowly ,,
compared to the powered ,,
millstone.,,
Capture and train small ,在此捕獲和訓練小動物。需要動,
animals here.  Requires ,物陷阱。,
animal traps.,,
"When placed, a female ",放置後，如果有可用的雌鳥，它,
bird will claim the box ,會佔據箱子並開始產蛋。,
"and start laying eggs, ",,
if one is available.,,
Keep a colony of ,在蜂箱飼養蜂巢。蜂箱放置後必,
insects at your hives.  ,須收集野生蜂巢，或者可以從現,
A wild colony must be ,有蜂箱蜂巢中分蜂。,
collected after the ,,
"hive is placed, or a ",,
colony can be split ,,
from an existing hive ,,
colony.,,
Furnaces are used for ,熔爐用於冶煉、玻璃製造、陶器,
"smelting, glassmaking, ",製作、制灰，或從木材或原煤制,
"pottery, ashmaking, or ",造燃料。熔爐需要燃料才能運作，,
to make fuel from wood ,有些則需要設定在岩漿上方以代,
or raw coal.  Furnaces ,替燃料。,
require fuel to ,,
"function, or they can ",,
be set above magma.,,
"Bake clay objects here, ",在此烘烤黏土製品以及其他一些,
as well as a few other ,有用材料。如果你有黏土收集區，,
useful materials.  Clay ,也可在此收集黏土。,
can also be collected ,,
here if you have a clay ,,
collection zone.  All ,,
tasks require fuel ,收集黏土外，所有任務都需要,
aside from clay ,燃料。,
collection.,,
You can make a variety ,你可以使用三種不同型別的玻璃,
of objects using three ,製造各種物品。如果你有沙收集,
different types of ,區，也可在此發起任務以用袋子,
glass.  You can also ,收集沙子。,
collect sand in bags ,,
from a task originating ,,
"here, if you have a ",,
sand collection zone.  ,,
Glassmaking requires ,玻璃製造需要燃料。,
fuel.,,
Magma below the furnace ,熔爐下方的岩漿將為任務提供動,
will power tasks.  You ,力。你需要負責將熔爐放置在巖,
are responsible for ,漿上方，除此之外無需其他燃料。,
placing the furnace ,,
"above the magma, but no ",,
other fuel is required.,,
collection zone.  Magma ,窯爐下方的岩漿將為任務提供動,
below the kiln will ,力。你需要負責將窯爐放置在巖,
power tasks.  You are ,漿上方，除此之外無需其他燃料。,
responsible for placing ,,
the kiln above the ,,
"magma, but no other ",,
fuel is required.,,
Magma below the smelter ,熔煉爐下的岩漿將為任務提供動,
placing the smelter ,,
Make metal bars from ,在此將礦石製成金屬錠。也可將,
ore here.  Can also ,煤精煉成可用燃料或製造合金。,
refine coal into usable ,所有任務都需要燃料。,
fuel or make alloys.  ,,
All tasks require fuel.,,
Make charcoal and ash ,在此將木材製成木炭和灰燼。,
from wood here.  Does ,無需燃料。,
not require fuel.,,
"Used to make lye, ",用於製造鹼液、草鹼和石灰乳。,
"potash, and milk of ",建造需要一個磚塊、一個圓桶和,
lime.  Construction ,一隻提桶。,
"requires blocks, ",,
"barrel, and a bucket.",,
Make crossbows here ,在此用木材或骨骼製造十字弩。,
from wood or bone.  The ,鍛造間可用於製造金屬十字弩和,
metalsmith's forge can ,金屬弩箭，而手工藝工坊則用於,
be used for metal ,製造其他弩箭。,
crossbows and metal ,,
"bolts, and the crafts ",,
workshop is used to ,,
make other bolts.,,
Make beds and various ,在此製造床和各種傢俱，以及儲,
"furniture here, as well ",物箱、圓桶等。,
"as bins, barrels, and ",,
Make crafts for trade ,在此製造用於貿易和供自己居民,
and your own citizens ,使用的工藝品，以及各種工具、,
"here, as well as a ",盔甲和弩箭。,
"variety of tools, ",,
"armor, and bolts.",,
Cut rough gems here to ,在此切割粗糙寶石以提高其價值，,
"increase their value, ",並通過鑲嵌切割好的寶石來提升,
and improve the value ,其他物品的價值。,
of other objects by ,,
encrusting them with ,,
cut gems.,,
Forge weapons and armor ,在此鍛造武器和盔甲，以及大多,
"here, as well as most ",數其他金屬製品（從傢俱到陷阱,
other metal objects ,部件）。,
from furniture to trap ,,
components.  Magma ,鍛爐下方的岩漿將為任務提供動,
below the forge will ,力。你需要負責將鍛爐放置在巖,
the forge above the ,,
Make mechanisms here ,在此製造用於製作拉桿、壓力板,
which are used to make ,和齒輪的機械裝置。你也可使用,
"levers, pressure ",機械裝置將槓桿和壓力板與其他,
"plates, and gears.  You ",機械連線起來。,
can also use mechanisms ,,
to link levers and ,,
pressure plates to ,,
other machinery.,,
components.  These ,,
tasks require fuel.,這些任務需要燃料。,
A useful workshop for ,一個實用的工坊，用於從各種原,
pressing liquids from ,料中壓榨液體。有些植物可能需,
various sources. Some ,要先研磨才能使用。需要空壺來,
plants might need to be ,儲存液體產品。,
milled first before ,,
they can be used.  ,,
Empty jugs are required ,,
to store the liquid ,,
products.,,
Here you can make parts ,在此你可以製造弩炮和投石機的,
for ballistae and ,部件。此工坊也是組裝弩炮彈藥,
catapults.  This ,的地方。,
workshop is also the ,,
place where ballista ,,
ammo is assembled.,,
Use tallow (rendered ,在此使用脂油（提煉的脂肪）或,
fat) or oil here with ,油液與鹼液製造肥皂。,
lye to make soap.,,
Make stone furniture ,在此製造石質傢俱，以及用於建,
"here, as well as blocks ",築的磚塊。,
which are used in ,,
constructions.,,
Use options in this ,使用此類別中的選項來放置已在,
category to place ,工坊構造好的傢俱。,
furniture that has ,,
already been ,,
constructed in a ,,
workshop.,,
Your citizens need a ,你的居民需要一個舒適的睡眠場,
comfortable place to ,所。床物品必須在木匠鋪製作完,
sleep.  A bed object ,成後才能放置。,
must be made at the ,,
carpenter's shop before ,,
it can be placed.,,
Chairs are required for ,椅子是辦公室運作所必需的，而,
"offices to function, ",桌子旁的椅子是首選的用餐佈局。,
and a chair next to a ,椅子/王座物品必須先製作才能放,
table is the preferred ,置。,
dining arrangement.  A ,,
chair/throne object ,,
must be made before it ,,
can be placed.,,
Tables are required for ,桌子是用餐所必需的。應在桌子,
dining.  A chair should ,旁放置椅子。桌子物品必須先制,
be placed adjacent to ,作才能放置。,
the table.  A table ,,
object must be made ,,
before it can be placed.,,
Chests and coffers are ,箱子和保險箱用於個人臥室存放,
used in personal ,非服飾物品。它們也用於一些基,
bedrooms for storing ,於區域的場所（如酒館、醫院和,
non-clothing objects.  ,圖書館）存放有用材料。箱盒類,
They are also used in ,,
some zone-based ,,
"locations like taverns, ",,
"hospitals, and ",,
libraries for storing ,,
useful materials.  A ,,
box object must be made ,,
Cabinets are used in ,櫃子用於個人臥室存放服飾物品。,
personal bedrooms for ,櫃子物品必須先製作才能放置。,
storing clothing ,,
objects.  A cabinet ,,
The dead are buried in ,死者被安葬在棺材中。棺材必須,
coffins.  Coffins must ,放置在其專屬的墳墓區域內才能,
be placed in their own ,生效。棺材物品必須先製作才能,
tomb zone in order to ,放置。,
work.  A coffin object ,,
Citizens that cannot be ,無法被妥善安葬的居民仍可從石,
buried properly can ,碑上紀念。石碑在石匠鋪製作和,
still be memorialized ,雕刻。,
on slabs.  Slabs are ,,
created and engraved at ,,
the stoneworker's shop.,,
Statues can be used to ,雕像可用於裝飾你的要塞併為你,
decorate your fortress ,的房間增添價值。雕像物品必須,
and add value to your ,先在相應的工坊製作。,
rooms.  A statue object ,,
must be made at an ,,
appropriate workshop ,,
first.,,
Certain injuries such ,某些傷害（如重疊式骨折）需要,
as overlapping ,牽引臺等高階醫療裝置進行治療。,
fractures require ,牽引臺物品必須先製作才能放置。,
advanced medical ,,
contraptions like the ,,
traction bench for ,,
treatment.  A traction ,,
bench object must be ,,
made before it can be ,,
placed.,,
Codices and scrolls in ,你圖書館中的抄本和卷軸可以存,
your library can be ,放在書架中。書架物品必須先制,
stored in bookcases.  A ,作才能放置。,
bookcase object must be ,,
Your most valuable ,你最有價值的物品可以放在房間,
objects can be placed ,中展示，以提升其價值並供路過,
for display in rooms to ,的居民欣賞。基座或展示櫃必須,
increase their value ,先製作才能放置。,
and to entertain ,,
passing citizens.  A ,,
pedestal or display ,,
case must be made ,,
These ornamental ,這些裝飾性物品會提升其所在房,
objects increase the ,間的價值。供奉處物品必須先制,
value of rooms in which ,作才能放置。,
they are placed.  An ,,
offering place object ,,
Large instruments must ,大型樂器必須放置在酒館或神廟,
be placed in taverns or ,中才會被使用。這些樂器必須先,
temples before they ,在工坊組裝完成。,
will be used.  These ,,
instruments must be ,,
assembled at a workshop ,,
Place doors and hatches ,在相應的工坊建造好門和活板門,
here after you have ,後，在此放置它們。,
constructed them in an ,,
appropriate workshop.,,
Doors can be used along ,門可與牆壁結合使用以封閉房間，,
with walls to enclose ,這在同時放置多個功能區時尤為,
"rooms, which is ",重要。門也可被停用或連線到槓,
especially important ,杆上，以控制要塞內的通行。,
when placing multiple ,,
zones at once.  Doors ,,
can also be forbidden ,,
or attached to levers ,,
to control movement in ,,
the fort.,,
Hatches can be placed ,蓋板可放置在樓梯井頂部或斜坡,
at the tops of ,上方，當其被停用或連線到拉桿,
stairwells or above ,時，用以控制要塞內的通行。,
ramps to control ,,
movement in the fort ,,
when they are forbidden ,,
or attached to levers.,,
Most terrain-altering ,大多數改變地形的建築結構都可,
constructions can be ,以在這裡找到，從牆壁、地板到,
"found here, from walls ",橋梁、斜坡、樓梯等等。,
"and floors to bridges, ",,
"ramps, stairs, and more.",,
More complicated ,更復雜的建築在這裡，從水井到,
buildings from wells to ,動力機械部件，再到槓桿和閘門。,
powered machine ,,
components to levers ,,
and floodgates are ,,
found here.,,
"Cages, ropes, and ",籠子、繩索和動物陷阱在這裡。,
animal traps are found ,籠子可用於籠陷阱或運輸大型動,
here.  Cages can be ,物。金屬籠子和鏈條也用於司法,
used in cage traps or ,系統。,
to transport large ,,
animals.  Metal cages ,,
and chains are also ,,
used by the justice ,,
system.,,
Various mechanical ,各種機械陷阱可以在這裡找到。,
traps can be found ,壓力板也在這裡，其應用不僅限,
here.  The pressure ,於陷阱。,
plate is also found ,,
"here, which has ",,
applications beyond ,,
traps.,,
"Archery targets, siege ",箭靶、攻城武器和一些裝飾性展,
"weapons, and some ",示物品可以在此類別中找到。,
ornamental display ,,
items can be found in ,,
this category.,,
wood.,,
"Pressure plates, like ",壓力板與槓桿類似，用於與機器、,
"levers, are used with ",門、閘門、橋梁、籠子及其他結,
"machines, doors, ",構配合，以改變它們的狀態。壓,
"floodgates, bridges, ",力板的觸發器可以根據生物重量、,
"cages, and other ",流體或礦車通過來設定。,
structures to change ,,
are used with ,,
their state.  The ,,
trigger for pressure ,,
plates can be set by ,,
"creature weight, fluid, ",,
or minecart passage.,,
Stone-fall traps drop a ,落石陷阱向入侵者投下岩石。必,
stone on intruders.  ,須裝載石塊。,
Must be loaded with ,,
boulders.,,
Weapon traps use a ,武器陷阱使用武器或陷阱元件攻,
weapon or trap ,擊入侵者。可與遠端武器一起使,
component to strike ,用並裝載彈藥。可以同時使用多,
intruders.  Can be used ,種武器。,
with ranged weapons and ,,
loaded with ammo.  Can ,,
use multiple weapons at ,,
once.,,
Cage traps capture ,籠子陷阱將入侵者捕獲在籠子中。,
intruders in cages.  ,必須裝載一個籠子。,
Must be loaded with a ,,
cage.,,
Upright weapons are a ,直立尖刺是入侵者跌落的險惡之,
nasty place for ,處。也可以連線到槓桿或壓力板，,
intruders to fall upon. ,將其升起刺向入侵者。,
Can also be linked to ,,
levers or pressure ,,
plates to raise them ,,
into intruders.,,
Archery targets are ,箭靶用於射箭場區域訓練射手。,
used in archery range ,,
zones for training ,,
archers.,,
Ornamental.  Demanded ,裝飾品。部分貴族有需求。,
by some nobles.,,
A ballista fires a ,弩炮向固定方向發射弩炮大箭。,
ballista arrow in a ,操作員可以在一個錐形範圍內,
fixed direction.  The ,自由調整瞄準。,
operator can adjust the ,,
aim freely within a ,,
cone.,,
A catapult fires a ,投石機向固定方向發射巖塊。,
boulder in a fixed ,操作員可以在一個錐形範圍內,
direction.  The ,自由調整瞄準。,
A bolt thrower fires a ,弩箭投射器能快速發射常規弩,
regular bolts rapidly.  ,矢。操作員從任意相鄰可用地,
The operator swivels ,塊旋轉機器。,
the machine from any ,,
available adjacent ,,
tiles.,,
Start painting a new ,開始繪製新的儲物處。選定地塊,
stockpile.  Once the ,後，你將能夠設定詳細資訊。,
"tiles are chosen, ",,
you'll be able to set ,,
the details.,,
Erase a portion of this ,擦除一部分此處的儲物處。,
stockpile.,,
Remove the stockpile ,永久移除正在繪製的儲物處。同,
being painted ,時移除現有功能區！,
permanently.  Also ,,
stockpiles.,結束放置儲物處。,
removes existing zones!,,
Finish placing zones.,結束放置功能區。,
Finish establishing ,結束劃定活動區。,
burrows.,,
Finish setting hauling ,結束設定運輸路線。,
routes.,,
Finish setting traffic ,結束設定交通區域。,
areas.,,
Set a high traffic ,設定高流量交通區域。在寬闊的,
area.  Use this in wide ,主要通道使用此設定。,
central passages.,,
Set a normal traffic ,設定正常交通區域，此為預設狀,
"area, the default state.",態。,
Set a low traffic area. ,設定低流量交通區域。居民將尋,
Citizens will look for ,找更好的路線。,
better routes.,,
Set a restricted ,設定限制通行區域。居民將盡力,
traffic area.  Citizens ,尋找更好的路線。如果其他路線,
will look hard for ,不存在或過長，他們仍會使用該,
better routes.  They ,區域。,
will still use the area ,,
if other routes do not ,,
exist or are too long.,,
Finish setting ,結束設定物品/建築指定。,
item/building ,,
designations.,,
Claim a forbidden item ,認領一個被停用的物品或建築，,
or building so it will ,以便你的居民能夠使用它。,
be used by your ,,
citizens.,,
Forbid your citizens ,禁止你的居民使用某個物品或建,
from using an item or ,築。,
building.,,
Designate an item for ,,
dumping in a dumping ,指定物品在傾倒區進行傾倒。,
zone.,,
Remove dumping ,移除傾倒指定。,
melting at any smelter.,指定物品在任意熔爐進行熔煉。,
Remove melting ,移除熔煉指定。,
Remove hidden ,移除隱藏的指定。,
Hide an item or ,從你的視野中隱藏一個物品或建,
building from your ,築。居民仍會使用它。,
view.  Citizens will ,,
still use it.,,
This crucial building ,這種重要的建築是貿易的總樞紐，,
is where all trading ,其他文明的載貨動物需要一條從,
will be done.  Pack ,邊界到這個建築的通行路線。在,
animals from distant ,未來，還需要3格寬的通行路徑以,
civilizations will need ,供馬車通行。,
to access this building ,,
from the edge of the ,,
"map.  Later, wagons ",,
will need a clear ,,
3-wide path to the ,,
depot.,,
   * Requires wild colony or,   *需要野生蜂巢或,
   * Existing hive,   *現有的蜂箱,
Gather any products,收集任意產品,
   * Destroys colony,   *破壞蜂巢,
   * Requires a jug,   *需要一個壺,
   * Saves colony for split,   *保留蜂巢用於分蜂,
No outdoor access,沒有通向戶外的路徑,
Outdoor access,通向戶外的路徑,
Not ready to be split,還沒準備好分蜂,
No available colony,沒有可用的蜂巢,
Colony to Install,用於安裝的蜂巢,
Return Colony To Install,帶回蜂巢用於安裝,
New handwear,新的手部裝備,
New footwear,新的足部裝備,
New headwear,新的頭部裝備,
New legwear,新的腿部裝備,
New bodywear,新的軀幹裝備,
Mat,材料,
Thoughts,想法,
Food,食物,[ALIGNMENT:CENTER]
Meat,肉,[ALIGNMENT:CENTER]
Plant,植物,[ALIGNMENT:CENTER]
Drink,酒水,[ALIGNMENT:CENTER]
Other,其他,[ALIGNMENT:CENTER]
Seeds,種子,[ALIGNMENT:CENTER]
Fish,魚,[ALIGNMENT:CENTER]
Pop,人口,[ALIGNMENT:CENTER]
Tasks,任務,
Workers,工人,
Work orders,工作命令,
Add new task,增加新的任務,
Outpost,哨站,
Hamlet,聚落,
Village,村莊,
Town,城鎮,
City,城市,
Metropolis,都會,
Capital,首都,
Mountainhome,山之家,
Created Wealth:,創造的價值：,
Weapons:,武器：,
Furniture:,傢俱：,
Other Objects:,其他物品：,
Held/Worn:,正在被持有/穿戴：,
Displayed:,正在被展示：,
Armor and Garb:,盔甲與服裝：,
Exported Wealth:,出口財富：,
Imported Wealth:,進口財富：,
Architecture:,建築：,
Video,影片,
Audio,聲音,
Game,遊戲,
Keybindings,鍵位繫結,
Announcements,通知,
Difficulty,難度,
Windowed,視窗,
Fullscreen,全屏,
Resolution:,解析度,
Detect,檢測,
 Desired grid height for scaling (default = 64),網格縮放所需高度（預設=64）,
 Desired grid width for scaling (default = 170),網格縮放所需寬度（預設=170）,
Scaling mode,縮放模式,
Done,完成,
Automatic,自動,
Range: ,範圍,
No,否,
Yes,是,
Use Classic ASCII glyphs,使用經典ASCII字形,
Graphical FPS cap (default 50),圖形幀率上限（預設50）,
Maximum interface percentage (not counting minimap/elevation),最大介面百分比（不包括小地圖/高度）,
Window is resizable (takes effect on restart),視窗可調整大小（重啟後生效）,
Initial window height (if windowed),初始視窗高度（如果為視窗模式）,
 Interface scaling percentage if not fitting width,介面縮放百分比（如果寬度不適配）,
Initial window width (if windowed),初始視窗寬度（如果是視窗模式）,
Nearest-neighbor,最近鄰插值,
Lanczos,Lanczos插值,
Prepare carefully embark confirmation,精心準備開局配置,
Autosave frequency,自動儲存頻率,
Confirmation window for all embarks,所有開局的配置視窗,
Show tunnels on world map,在世界地圖上顯示隧道,
Autosave the game after embark,開局後自動儲存遊戲,
Portable mode,便攜模式,
Pause after every autosave,每次自動儲存後暫停,
Pause after loading,載入後暫停,
Enable temperature,開啟溫度,
In site finder,在據點查詢器中,
Enable weather,開啟天氣,
Enable artifact moods,開啟奇異心境,
Enable caveins,開啟塌方,
Enable testing arena (on next title),啟用測試競技場（下次標題時生效）,
Walking spreads spatter (fort mode),行走傳播穢物（要塞模式）,
Walking spreads spatter (adv mode),行走傳播穢物（冒險模式）,
Keyboard cursor enabled,開啟鍵盤游標,
Never,從不,
Always,總是,
Log world generation map rejects,記錄世界生成地圖被拒項,
Enable multithreading,開啟多執行緒模式,
Default embark width,預設開局地圖寬度,
Default high traffic path cost,預設高通行優先順序路徑代價,
Default embark height,預設開局高度,
Default normal traffic path cost,預設普通通行優先順序路徑代價,
Default low traffic path cost,預設低通行優先順序路徑代價,
Default restricted traffic path cost,預設禁止通行優先順序路徑代價,
Storage path decrease (# of contained item cap),儲存路徑減少（包含物品數量上限）,
Storage path decrease (seed bag combine),儲存路徑減少（種子袋合併）,
Storage path decrease (barrel combine),儲存路徑減少（桶合併）,
Storage path decrease (bucket combine),儲存路徑減少（水桶合併）,
Storage path decrease (bin combine),儲存路徑減少（箱子合併）,
Population cap,人口上限,
Strict population cap (includes births),嚴格人口上限（包括新生兒）,
Baby+child cap,嬰兒+兒童人口上限,
Baby+child cap (percentage of total),嬰兒+兒童人口上限（佔要塞百分比）,
Visitor cap,訪客上限,
Cull dead units at,死亡單位數量達到……時開始清理,
Seed cap (per species),種子上限（單種作物）,
Total seed cap,種子上限（總和）,
Engravings start obscured,雕刻初始為遮擋狀態,
Show improvement quality in item names,在物品名上顯示物品質量,
Show numeric liquid levels,顯示液體液位,
Show up/down arrows on ramps at current elevation,在斜坡上顯示當前高度層的上下箭頭,
Number of lower elevation layers to show,顯示的下方高度層數量,
Show all historical events in engravings etc.,在雕刻等中顯示所有歷史事件,
Nickname position (fort mode),暱稱位置（要塞模式）,
Replace first,替換首位,
Nickname position (adv mode),暱稱位置（冒險模式）,
Nickname position (legends mode),暱稱位置（傳奇模式）,
Grazing coefficient (higher = less grass),放牧係數（數值越高＝草消耗越少）,
Replace all,全部替換,
Centralize,居中顯示,
Show frames-per-second,顯示FPS,
Game frames-per-second cap (default 100),遊戲FPS上限（預設100）,
Milliseconds for each key repeat,每次按鍵重複的毫秒數,
Key hold milliseconds before repeat,按鍵開始重複前的按住毫秒數,
Number of key repeats before accelerating,加速前的按鍵重複次數,
Maximum key repeat acceleration multiplier,按鍵重複加速的最大倍數,
Disabled,停用,
Enable,啟用,
Milliseconds interface shutdown after recenter,介面重新居中後自動關閉的毫秒數,
Milliseconds between macro instructions,巨集指令之間的毫秒間隔,
Compressed saves (recommended!),壓縮存檔（推薦！）,
Maximum embark dimension,最大開局地圖尺寸,
Display worn clothing dyes (fort mode),顯示已穿衣物的染色（堡壘模式）,
Display worn clothing dyes (adv mode),顯示已穿衣物的染色（冒險模式）,
Classic varied ground tiles,經典風格的多樣化地面圖塊,
Show rectangle dimensions,顯示矩形尺寸,
Horizontal keyboard scroll tiles,水平鍵盤滾動的格數,
Horizontal keyboard scroll tiles (fast),水平鍵盤滾動的格數（快速）,
Vertical keyboard scroll tiles,垂直鍵盤滾動的格數,
Vertical keyboard scroll tiles,垂直鍵盤滾動的格數,
Vertical keyboard scroll tiles (fast),垂直鍵盤滾動的格數（快速）,
Horizontal keyboard scroll tiles (world),世界地圖水平鍵盤滾動的格數,
"Horizontal keyboard scroll tiles (world, fast)",世界地圖水平鍵盤滾動的格數（快速）,
Vertical keyboard scroll tiles (world),世界地圖垂直鍵盤滾動的格數,
"Vertical keyboard scroll tiles (world, fast)",世界地圖垂直鍵盤滾動的格數（快速）,
Enter,Enter,
Select,選擇,
Don't repeat,不重複按鍵,
Building,建築,
Numpad Enter,小鍵盤迴車,
Macros,宏,
Shift+Enter,Shift+回車,
Shift+Numpad Enter,Shift+小鍵盤迴車,
Leave screen,關閉視窗,
ESC,ESC,
Deselect,取消選擇,
Secondary Select,次要選擇,
Main menu,主選單,
Toggle Fullscreen,切換全屏,
F11,F11,
Delayed repeat,慢速重複按鍵,
Leftbracket,左方括號,
Rightbracket,右方括號,
Zoom Out,縮小,
Ctrl+Mwheel up,Ctrl+滑鼠滾輪向上,
Add,新增,
Zoom In,放大,
Ctrl+Mwheel down,Ctrl+滑鼠滾輪向下,
Restore defaults,恢復預設值,
Close mega announcement,關閉重要通知,
Select all,全選,
Alt+Minus,Alt+減號,
Tab,Tab,
Change tab or highlight selection,切換選項卡或高亮選區,
Alt+Equals,Alt+等號,
Shift+Tab,Shift+Tab,
Decrease FPS limit,降低幀率限制,
"Change tab or highlight selection, secondary",切換選項卡或高亮選區，次要選擇,
Increase FPS limit,提高幀率限制,
Move selector up,向上移動選區,
Minus,減號,
Page Down,向下翻頁,
Mwheel down,滑鼠滾輪向下,
Plus,加號,
Move secondary selector up,向上移動次要選區,
Page secondary selector down,將次要選區移動到下一頁,
Move view/cursor down,向下移動視野/游標,
Move keyboard cursor left,向左移動鍵盤游標,
Fast repeat,快速重複按鍵,
Mouse-context scrollbar page down,滑鼠向下滾動翻頁,
Shift+Numpad 8,Shift+小鍵盤數字8,
Move view/cursor down (z),向下移動視野/游標 (z),
"Move keyboard cursor down, fast",向下移動鍵盤游標，快速,
"Move view/cursor down (z), aux",向下移動視野/游標 (z)，輔助,
"Move view/cursor down (z), fast",向下移動視野/游標 (z)，快速,
"Move keyboard cursor left, fast",向左移動鍵盤游標，快速,
Move keyboard cursor up and left,向左上移動鍵盤游標,
Shift+4,Shift+4,
Numpad 3,小鍵盤數字3,
Mouse-context scrollbar page up,滑鼠向上滾動翻頁,
Page secondary selector up,將次要選區移動到上一頁,
Asterisk,星號鍵,
Shift+Left,Shift+左箭頭,
Move view/cursor left,向左移動視野/游標,
Shift+Numpad 4,Shift+小鍵盤數字4,
Move secondary selector down,向下移動次要選區,
"Move keyboard cursor right, fast",向右移動鍵盤游標，快速,
Shift+Right,Shift+右箭頭,
Shift+6,Shift+6,
Shift+Numpad 6,Shift+小鍵盤數字6,
"Move keyboard cursor up and left, fast",向左上移動鍵盤游標，快速,
Shift+7,Shift+7,
Mouse-context scrollbar down,頁面滑鼠向下滾動,
Move keyboard cursor down and left,向左下移動鍵盤游標,
Up,上箭頭,
Shift+Mwheel down,Shift+滑鼠滾輪向下,
Shift+Numpad 7,Shift+小鍵盤數字7,
"Move view/cursor up (z), aux",向上移動視野/游標 (z)，輔助,
Page selector down,將選擇區域向下翻頁,
"Move keyboard cursor up and right, fast",向右上移動鍵盤游標，快速,
"Move keyboard cursor down and left, fast",向左下移動鍵盤游標，快速,
Mouse-context scrollbar up,頁面滑鼠向上滾動,
Slash,斜槓／,
Move view/cursor up,向上移動視野/游標,
"Macro, Save",宏，儲存,
Move view/cursor right,向右移動視野/游標,
Custom:,自定義:,
"Move keyboard cursor down and right, fast",向右下移動鍵盤游標，快速,
Move keyboard cursor right,向右移動鍵盤游標,
Move keyboard cursor up,向上移動鍵盤游標,
"Move view/cursor up, fast",向上移動視野/游標，快速,
Move keyboard cursor up and right,向右上移動鍵盤游標,
"Macro, Load",宏，載入,
"Move keyboard cursor up, fast",向上移動鍵盤游標，快速,
"Move view/cursor up (z), fast",向上移動視野/游標 (z)，快速,
Command repeat prefix-key,命令重複字首按鍵,
Move keyboard cursor up (z),向上移動鍵盤游標 (z),
Move keyboard cursor down (z),向下移動鍵盤游標 (z),
"Move keyboard cursor up (z), aux",向上移動鍵盤游標 (z)，輔助,
"Move keyboard cursor down (z), aux",向下移動鍵盤游標 (z)，輔助,
Adventure: move view/cursor up (z),冒險模式: 向上移動視野/游標 (z),
Menu Confirm,選單確認,
"Macro, Play",宏，執行,
"Adventure: move view/cursor down (z), fast",冒險模式: 向下移動視野/游標 (z)，快速,
Adventure: move view/cursor down (z),冒險模式: 向下移動視野/游標 (z),
"Adventure: move view/cursor up (z), fast",冒險模式: 向上移動視野/游標 (z)，快速,
"Macro, Record",宏，錄製,
Control panel,控制面板,
Quickstart guide,快速開始,
 (Rusty),(生疏),
 (V Rusty),(非常生疏),
body.,,
